family,n_train,b0,censoring,corr,overlap,prognostic_form,auc_K1,auc_K2,auc_K3,auc_K4,auc_K5,optimal_K,oracle_rate,feat_c_index,feat_score_skew,feat_score_kurt,feat_score_var,feat_score_q90_q10,feat_delta_c_index,feat_prop_interact_sig,feat_trt_main_p.trt01p,feat_te_bin_var,feat_te_slope,feat_te_quadratic_p,feat_te_max_diff,feat_te_bin_event_rate_range,feat_censoring_rate,feat_event_rate,feat_event_count_trt,feat_event_count_ctrl,feat_median_followup,feat_mean_followup,feat_n,feat_p,feat_e_per_p,feat_bootstrap_ci_sd,feat_bootstrap_ci_mean,feat_orig_pred_var,feat_orig_pred_mean,feat_orig_ambiguity,feat_K1_pred_var,feat_K1_pred_mean,feat_K1_ambiguity,feat_K2_pred_var,feat_K2_pred_mean,feat_K2_ambiguity,feat_K3_pred_var,feat_K3_pred_mean,feat_K3_ambiguity,feat_K4_pred_var,feat_K4_pred_mean,feat_K4_ambiguity,feat_K5_pred_var,feat_K5_pred_mean,feat_K5_ambiguity
additive,500,1.97,0.13,high,complete,linear,0.685832622853049,0.865220388982953,0.83483484835749,0.879063747093035,0.917192021806741,5,0.487,0.83772264744011,0.010313155645139,3.06630185595921,3.13275229218692,-0.93453297942217,0.0504253165456128,,0.41706074375166,27.2737838446992,-2.56167604329111,0.0255228880054181,11.4484049672026,0.36,0.144,0.856,203,225,6.74160307503391,8.99001982144844,500,52,8.23076923076923,0.00773962001147427,0.845076294017063,0.0758265852195223,0.590364730234839,0.178,0.0601777279358655,0.629335164443973,0.232,0.0577121711371597,0.616191068862161,0.3115,0.0773693230052212,0.635342596766283,0.063,0.0613579873971975,0.641359607196342,0.0885,0.0702706596709783,0.631360852596507,0.187
additive,300,1.59,0.41,high,none,quadratic,0.811756747026988,0.865219960879844,0.878784015136061,0.868834475337901,0.839062356249425,3,0.499,0.680592218524045,-0.120690877005146,3.51042812490454,0.685683563069581,-0.947912332852701,0.107597842304602,,0.923218573041501,17.2974373634433,-4.48144536343764,0.266488518963936,9.56908144551394,0.16,0.163333333333333,0.836666666666667,122,129,3.55321813573639,4.37268499994018,300,52,4.82692307692308,0.0201819978573833,0.730711396724195,0.0862138385687,0.619510391608525,0.0466666666666667,0.0761541523213653,0.62747225490543,0.086,0.0774456067087092,0.610911350347473,0.0875,0.05617838383325,0.622486608407661,0.169,0.08346367785393,0.592609488858276,0.049,0.0595270634423409,0.625047464523688,0.088
additive,1000,0.36,0.62,moderate,partial,mixed,0.941323955846777,0.93750550713725,0.923019232925872,0.920729765776446,0.912578701997789,1,0.482,0.673506858428383,0.0163094948838706,3.10287207059237,0.432698445477577,-0.988625261279486,0.0723154964591778,,0.210449177979372,3.33446161780187,-2.36213163719909,0.0910357256139019,4.01896738055245,0.148,0.088,0.912,436,476,0.913250053870394,1.263244062866,1000,52,17.5384615384615,0.00994999136883539,0.682521271264663,0.0180676190542855,0.641760544434106,0.511,0.0183069238604282,0.647773921863911,0.4845,0.0216703153073158,0.638745729403459,0.485,0.0202428417205207,0.641938574539269,0.5635,0.0209294102823915,0.644185729357607,0.5425,0.0196141662186968,0.643918625891501,0.514
additive,300,1.44,0.19,moderate,none,linear,0.826173720196634,0.82808071528078,0.880597388352468,0.899902523578486,0.915155982290115,5,0.486,0.786059716574838,0.0280624388261753,3.07023494262679,2.30786314225323,-0.978958426185575,0.113706902774102,,0.502122222182441,4.71377839622099,-1.2430358679978,0.0373491304824949,4.8094628073182,0.0933333333333333,0.0866666666666667,0.913333333333333,128,146,3.9935063925734,5.84885843387247,300,52,5.26923076923077,0.0122448743566526,0.81238600529286,0.0860017340602133,0.525227589570813,0.146666666666667,0.0680920474925008,0.527909462194758,0.179,0.110981520704915,0.555352466121517,0.1005,0.0959221375885525,0.61024825758058,0.115,0.110013136767316,0.600232853209835,0.0845,0.0886288188829983,0.574492388369494,0.1555
additive,500,0.36,0.24,high,complete,mixed,0.880024502450245,0.833930893089309,0.877044204420442,0.872213221322132,0.89986798679868,5,0.505,0.69561432325887,0.0672235246784288,2.83399394818686,0.683302628532293,-0.989711386646381,0.0725772010512484,,0.136276816945091,0.812493735347515,-0.89509940540903,0.190075552842996,1.97444905782788,0.032,0.026,0.974,257,230,1.0935310647237,1.3455256722026,500,52,9.36538461538461,0.0145109109760829,0.712889123987644,0.0101090352507913,0.631533559074806,0.358,0.00953194340697627,0.633855595435391,0.358,0.0132439160395399,0.643842737470915,0.453,0.012899598808361,0.647166821874347,0.431,0.00802869597648682,0.645930997726381,0.346,0.0104069096347403,0.649760567449154,0.448
additive,500,0.77,0.18,high,none,quadratic,0.846589982175009,0.849284248052612,0.85396268261608,0.87252629461377,0.858188736727588,4,0.4855,0.696216726671782,-0.17889532611852,3.08250666481577,0.585939474384516,-1.02910831155142,0.0883382096272376,,0.0500962022156084,3.03943254271514,-1.99962335212295,0.0109876809106505,3.87643506409172,0.0479999999999999,0.036,0.964,253,229,2.08307079974703,2.57422881250585,500,52,9.26923076923077,0.0154076639466841,0.71716249680218,0.0170528567422453,0.640910749808911,0.47,0.0168066295519914,0.649925524010571,0.4595,0.0272296040743146,0.624307919390431,0.4435,0.029220410773055,0.625485443683575,0.4975,0.0244487920346958,0.620615801007845,0.419,0.0244561334208472,0.626300612112274,0.4475
additive,500,1.97,0.29,high,none,linear,0.910077977741227,0.88450810192133,0.837658426678513,0.837148679961101,0.846951424489453,1,0.489,0.78435528847638,0.084150236856169,2.89861685923494,2.01295738018616,-1.02037431303213,0.0694874617988743,,0.554823738870655,41.4957951873811,-3.65908683830647,0.0339579994473427,13.6155609791411,0.304,0.216,0.784,168,224,6.20071014818787,7.8258429578153,500,52,7.53846153846154,0.00894126147958629,0.796463346710187,0.0836576277491128,0.50514152316382,0.16,0.0665582885513208,0.52075435748744,0.2115,0.0678215739437669,0.571622792854518,0.209,0.0929804313245134,0.53866663228093,0.135,0.0893183000348824,0.539521052403044,0.085,0.0848265143929521,0.550238172164553,0.156
additive,500,1.21,0.25,moderate,none,mixed,0.864581114314832,0.887736416106349,0.898304194807572,0.920596892223959,0.901702606015328,4,0.4945,0.792971022925637,-0.0491354999762196,2.85518042834883,1.91392157794075,-0.89044376532321,0.0915861747934365,,0.999948595852889,16.9379537957302,-2.57252480816757,0.112110269973895,9.15777853636283,0.24,0.112,0.888,224,220,3.04890625847072,4.994462731911,500,52,8.53846153846154,0.0107397819306485,0.805516900848016,0.10631614687489,0.595911064979672,0.08,0.102850510432515,0.599783526406223,0.075,0.0993780713637218,0.585646776720849,0.16,0.0784695977499382,0.609244600446882,0.2425,0.0861296772638872,0.610541215710968,0.1955,0.0913998230939339,0.617817750061114,0.1455
bump,500,1.98,0.45,high,none,quadratic,0.992865786578658,,0.98977297729773,0.997053205320532,0.995558055805581,4,0.495,0.589180538469076,0.0490384298732872,2.78252772559618,0.172321065259726,-0.983729590638918,0.0578859699737624,,0.00309322147213303,15.9221310350994,-8.70042232246136,0.999333304845184,8.70686608806266,0.144,0.274,0.726,165,198,4.87158815210407,6.11366817011934,500,52,6.98076923076923,0.0167854174628163,0.646880799448914,0.153626403760691,0.594788377629731,0.022,0.152934057694291,0.59913706063306,0.0415,,,,0.148685980145144,0.599955747308524,0.0375,0.149162294117296,0.591622898112389,0.049,0.149180301974637,0.596725507238329,0.0485
bump,500,0.21,0.19,low,none,mixed,0.998513377598083,0.998804390945628,,0.998548439447185,0.998324043612933,2,0.479,0.588740173151557,0.131225452391821,2.78233823415518,0.138284298645369,-1.04003061907558,0.045518625402196,,7.96213162953274e-08,0.810555152228216,-2.1330625732831,0.311979742416678,2.12204490432926,0.032,0.028,0.972,228,258,0.976614492740564,1.40410062557193,500,52,9.34615384615385,0.0136609282606955,0.628132639593422,0.0303702541253003,0.679674507110934,0.144,0.0321031016614645,0.664890788496738,0.15,0.032219491948483,0.661639799226757,0.336,,,,0.0327273635055176,0.662549779160531,0.132,0.0320595301976477,0.665716664586002,0.173
bump,500,0.97,0.55,low,none,quadratic,0.975919475919476,0.974344974344974,0.972688972688973,0.971063971063971,0.975184475184475,1,0.4995,0.606470358160586,0.186632832122671,3.03090117926181,0.196770217535801,-1.01564879120377,0.0421951537501629,,2.71997784387569e-07,1.66587325248783,-2.72344447307479,0.0306104782426552,3.07000656941377,0.128,0.138,0.862,223,208,1.54574197767505,2.1920898241568,500,52,8.28846153846154,0.0148621869073192,0.655232400033732,0.0658404177039797,0.662313710522114,0.058,0.0630289593903103,0.658746220832471,0.059,0.0613325965972187,0.658792563847509,0.1795,0.0631484223070939,0.654799863108894,0.0665,0.0655249357934866,0.653513362474181,0.072,0.0693364385883136,0.648745821299195,0.03
bump,500,0.65,0.56,moderate,complete,linear,0.961713788568863,0.954764778048624,0.982343820161652,0.958448765956764,0.967115233497979,3,0.476,0.703724479433639,0.0197868784153595,2.83281762821775,0.658654165261686,-1.03778007706061,0.0502335657707671,,5.1449326395343e-09,2.39744508160254,-0.561754416144379,0.305639181360342,3.55301838293188,0.152,0.168,0.832,199,217,1.57381411054045,2.18248461862476,500,52,8,0.013349127825505,0.721725497344981,0.070000304731865,0.648713351361624,0.066,0.072171071345468,0.647586296050104,0.052,0.0711949675851866,0.636255659064917,0.056,0.0620398150400327,0.649065175631943,0.2755,0.0594975721407179,0.643404329344654,0.3355,0.0629159629262867,0.641007608978249,0.2805
cross,500,1.21,0.68,moderate,none,mixed,0.966394045325523,0.966344751662634,0.968205073961033,0.949332789733773,0.968235369024684,5,0.581,0.654188481675393,0.124833968021949,2.74459318634861,0.305729445681095,-1.0652742793904,0.0501934896426133,,1.30971008262849e-07,3.80818485295742,-3.16017025741482,0.683599092886236,4.14246052047517,0.208,0.26,0.74,180,190,2.12378396035051,2.90839030440814,500,52,7.11538461538462,0.0146820139207499,0.686418899646669,0.0853318696971016,0.664512337945568,0.084,0.0888336766527332,0.641287104645935,0.0785,0.0864773617628693,0.647231488938792,0.074,0.0838819363479448,0.648456560013415,0.0385,0.0883955426891389,0.649395226938201,0.038,0.0849505947738532,0.653430379776951,0.004
cross,500,1.98,0.15,moderate,none,mixed,0.79641497014192,0.95174394468658,0.958834272976094,0.988270003162474,0.976318530139818,4,0.5855,0.781365034194703,0.270849449917561,2.87417370635208,1.67006931022035,-1.05941495915983,0.0298434846468078,,2.57713748648441e-13,4.78431249735627,-0.626220496406116,0.604908502558114,4.82400273515732,0.456,0.188,0.812,170,236,7.43576572160778,10.5614440123727,500,52,7.80769230769231,0.00945155925952077,0.796727113292882,0.0953066219422086,0.656626767925428,0.058,0.07611553823137,0.669620151319562,0.107,0.131441592120642,0.636093746326789,0.051,0.147743777904437,0.652866748850419,0.0175,0.149999294253067,0.61624478505827,0.0115,0.154153849933011,0.627531068415981,0.0165
cross,1000,0.06,0.23,moderate,none,linear,0.982348373068261,0.967692785586705,0.983775206440423,0.984478268747897,0.988935828738578,5,0.5925,0.707308583736681,-0.0957921145494344,2.93665379199772,0.655899047119573,-0.930610551840095,0.028932540560019,,4.97734050810394e-30,0.824482923855971,-0.971116730493384,0.341260130977227,1.93449135785782,0.0520000000000001,0.022,0.978,496,482,1.1527490217246,1.74776060099598,1000,52,18.8076923076923,0.00949930849680245,0.71422783713723,0.0357808778924208,0.673171000227035,0.372,0.0353365311358401,0.683404635115055,0.3475,0.0351275934454598,0.683724947981524,0.392,0.0363106679784178,0.687964413561486,0.2805,0.0373086171083381,0.685922586876229,0.3415,0.0363591282632325,0.686939512797073,0.3265
cross,300,1.07,0.15,high,none,mixed,0.881198495216091,0.895630202316419,0.863071181018395,0.902127432684618,0.896187683284458,4,0.6975,0.742911681176964,0.220665563907169,3.10489045411656,1.25965986298391,-1.09813600302576,0.077308068345826,,2.35581324102094e-19,10.1637087051712,-2.59093318656784,0.128596467112719,7.52745022805683,0.0666666666666668,0.0533333333333333,0.946666666666667,123,161,3.5775836051231,4.97990475007808,300,52,5.46153846153846,0.0127486155490129,0.770017964837051,0.0883531346941283,0.726665517811473,0.0133333333333333,0.0851815547822554,0.732355692934956,0.0185,0.0999119530772815,0.708358369394317,0.032,0.0783541597798955,0.748617042920154,0.0165,0.0870026636957579,0.733570587902568,0.048,0.0954539026122473,0.721125692948697,0.043
cross,200,1.5,0.22,high,complete,linear,0.541655447031081,0.904869146992963,0.840482426845062,0.891636971059752,0.90420412859276,2,0.6885,0.791940331737727,-0.132256477744732,2.99900206063881,2.43441682688358,-1.04093453601574,0.0798730936212847,,1.77107252208908e-08,38.5225038769772,-3.52162853869139,0.362435987266175,13.2347254993122,0.32,0.125,0.875,70,105,5.12482379822573,7.8036771099676,200,52,3.36538461538462,0.0169562226151685,0.831742489961325,0.0942792094669541,0.775288310739706,0.025,0.060093434170856,0.777669716854948,0.086,0.0556048628983085,0.752698163151543,0.129,0.0574653757684769,0.742384350747504,0.1325,0.0575662175785496,0.745680658053045,0.155,0.0612099620414748,0.742719701546714,0.1175
cross,300,1.18,0.06,moderate,none,quadratic,0.98819550633848,0.987739234449761,0.989869017083477,0.986051850573012,0.990424456173235,5,0.582,0.646580247473145,-0.0886796669352493,3.19436689446782,0.33860100639189,-1.00321164167554,0.0775959751620361,,6.04981191310642e-09,8.58197093876486,-4.6961153708683,0.462887760892657,6.73674850727637,0.0533333333333333,0.0133333333333333,0.986666666666667,145,151,2.82810026361201,3.93984665144175,300,52,5.69230769230769,0.0130900634936235,0.695986191359751,0.0888634328545804,0.686772971847191,0.12,0.0823069784641317,0.702890162194054,0.131,0.0770542511755671,0.697910568358717,0.134,0.0801100848581368,0.69939709565333,0.136,0.0823180860029897,0.699789101707085,0.133,0.0755068744325168,0.700483270390352,0.051
cross,200,0.68,0.51,low,complete,quadratic,0.929878601286576,0.903578884133063,0.947810067332482,0.874528797777277,0.931593201672048,3,0.5175,0.696721761572676,0.151609326151976,3.05420477239304,0.905501862506125,-0.968468496075007,0.0974685629564549,,2.01073716048865e-05,1.56950234734584,-1.18635508853044,0.220647718728435,2.91583336346669,0.08,0.085,0.915,93,90,1.24744078927881,1.8715219416883,200,52,3.51923076923077,0.024543776195552,0.762754647927995,0.0512584547126934,0.660629153587353,0.365,0.0459592923750728,0.668749950862761,0.377,0.0420141943361388,0.669768563226347,0.3115,0.0428849108933561,0.671334356270171,0.3495,0.0492989989507209,0.660230358243481,0.3305,0.0436927815812189,0.680783711067933,0.2445
cross,500,0.07,0.54,low,complete,linear,0.633408699817898,0.709784914876963,0.946491800387055,0.936082806920487,0.950989235220602,5,0.5235,0.828752528658125,-0.129191654728591,3.20640777193216,3.52174714762878,-1.0199969816496,0.0208496291301417,,7.56556506572367e-10,3.16452594933054,-0.832456962108785,0.00895752679003074,3.95533977295381,0.192,0.118,0.882,230,211,0.924421140550434,2.03952509427392,500,52,8.48076923076923,0.00815612283867313,0.837801240596264,0.023916967784182,0.711767494838373,0.164,0.0213607005463804,0.711562182868191,0.189,0.00430183657260597,0.720327449545314,0.0235,0.0245094280196604,0.700483651008945,0.2995,0.0253210815861108,0.69932805483284,0.3815,0.0210559695479339,0.707636675386947,0.1285
cross,500,0.76,0.06,moderate,none,quadratic,0.981155016143947,0.955987894374683,0.981025802293468,0.993113783952366,0.981693147722048,4,0.5955,0.598818164300854,0.00986670767490839,3.24851871224998,0.103506517921353,-1.12081227297098,0.0655629777121202,,1.3142386353819e-10,1.70121436823745,-3.76887992776701,0.519582220420103,2.95609554535132,0.00800000000000001,0.002,0.998,245,254,1.64172967349928,2.40313388048733,500,52,9.59615384615385,0.0119463253783,0.636460479078898,0.0605878780556411,0.676748854737805,0,0.0619239511070531,0.678940965189609,5e-04,0.061500423061036,0.667843451768523,0.0315,0.0637138635860284,0.673963740928367,0.015,0.0569426240032159,0.674190175173058,0.0435,0.0534133799410809,0.679996765640282,0.1895
cross,200,1.05,0.1,high,none,quadratic,0.926144777125275,0.907694497142541,0.939718735261358,0.769089812062839,0.87663999548358,3,0.6935,0.699001426533524,0.0258704479650385,3.33920267943099,0.865785980006284,-1.09599218284139,0.102608518443041,,1.82054646274422e-05,8.5039166207128,-2.8334516537129,0.166640983030796,6.81241367070244,0.04,0.02,0.98,94,102,2.44411755036438,3.48872524591752,200,52,3.76923076923077,0.0198437434119259,0.756836935969591,0.0483736777470802,0.731979993671547,0.1,0.033607921714793,0.750683074850909,0.1255,0.0326472719401732,0.745469169961541,0.1425,0.0341886708591807,0.747131787116518,0.106,0.0220604429553259,0.749031545068426,0.137,0.0278065333694885,0.740192766152993,0.145
cross,300,1.67,0.63,low,none,quadratic,0.912478304091458,0.898665576359577,0.902524742354823,0.894571914170385,0.876582849309138,1,0.523,0.681633098233113,0.173772349035477,3.52584339351143,0.793363956889478,-1.09605431706594,0.122700501708718,,0.0830592615012183,32.7744196473603,-5.87494809994351,0.371401377997048,12.742635004714,0.266666666666667,0.35,0.65,93,102,3.91731290054291,5.34337954795607,300,52,3.75,0.0232476123709722,0.742957593964585,0.140538419199399,0.589681843350503,0.0233333333333333,0.120927933418632,0.57454540320547,0.0465,0.106307242465539,0.586973354975507,0.1055,0.113505051592177,0.584059983966259,0.0715,0.111001729530027,0.580465654345011,0.072,0.12068678656698,0.571924652639694,0.065
cross,200,1.26,0.13,low,none,linear,0.723035944057626,0.834247267217432,0.896870778567449,0.90237292110105,0.946451691779806,5,0.523,0.76726830042873,0.0687855344360972,3.13795942821996,2.04243015518665,-1.03278345033611,0.0778065950351983,,0.0071605039523877,1.79152159919749,-0.710751722843636,0.982205949002122,2.44379669732334,0.12,0.0600000000000001,0.94,93,95,3.26238435599226,4.97044371662565,200,52,3.61538461538462,0.0148961571304332,0.810311087961515,0.086610873540059,0.608653907968912,0.065,0.0533257442152232,0.612382699222378,0.1975,0.0499781463973764,0.600359367826897,0.2525,0.0937255763799153,0.570086347954985,0.0975,0.112831228543233,0.555895718828004,0.069,0.106923392388543,0.573413455429544,0.0695
enclave,1000,1.9,0.67,low,partial,mixed,0.881567915666235,0.887642627256418,0.894243222857624,0.889513772651828,0.886472660542372,3,0.5205,0.674514167403177,0.115551837947708,2.81187356797769,0.358963313865789,-1.01799070267329,0.008324031591883,,0.0304776255353717,14.7690579899341,0.775400159012596,0.181989220040702,8.32314988107037,0.228,0.41,0.59,303,287,4.50481034770184,5.9160354067164,1000,52,11.3461538461538,0.0111969260079554,0.693410725031577,0.172199419342709,0.622576911344869,0.004,0.164621538071857,0.64949793036047,5e-04,0.14844402166226,0.662569977481913,0.031,0.157979552803748,0.641534728280848,0.0285,0.150193756823414,0.65438401953121,0.0165,0.151204163439578,0.651070255228045,0.0235
enclave,500,1.61,0.34,moderate,partial,mixed,0.80541049949001,0.87986254790854,0.86600372958413,0.86007653354874,0.87902474277781,2,0.5155,0.799451389779668,-0.0429540650741209,2.8640648216357,2.09596805635248,-1.12883526013474,0.0199907249351239,,8.60126999975491e-07,2.00861922047264,0.237812936151461,0.205686509522187,3.20516859416476,0.368,0.214,0.786,192,201,4.74078605413494,7.19821937405298,500,52,7.55769230769231,0.0118153252138045,0.812924211614993,0.123564135163961,0.622984705020556,0.068,0.101797992034848,0.628020167823124,0.1305,0.12981020806118,0.651490626290386,0.025,0.110915314379233,0.670154054319356,0.0905,0.128683033582608,0.639674609883532,0.0535,0.144466799076786,0.640671109415306,0.0165
enclave,1000,1.4,0.4,high,none,linear,0.883735209839964,0.881487382517423,0.894315695087507,0.878407520526429,0.877992016160555,3,0.5795,0.620374557806721,0.0265572926213017,3.12763235668128,0.218994814625467,-1.02467766264566,0.0191776210001607,,1.48861111571079e-24,2.95270254296004,-1.65353553064744,0.25906354478622,4.14420406148194,0.156,0.182,0.818,378,440,3.92841659142506,5.192379155858,1000,52,15.7307692307692,0.0117584956459721,0.640621413524072,0.12483367926807,0.705971762027645,0.026,0.123418443711548,0.709578243598817,0.0185,0.11971446702429,0.709485163083934,0.036,0.116137605471609,0.708554851814341,0.022,0.121783564565437,0.703493233032799,0.0085,0.121756101284834,0.700301838339189,0.0265
enclave,500,0.05,0.54,low,partial,linear,0.709202888984895,0.855489251312084,0.824590773809524,0.778997355830773,0.842403413818484,2,0.496,0.788426464713137,-0.0675853423413016,2.97703448859916,2.13531431761438,-0.938243981744387,0.0148599121085269,,4.98731458497551e-09,0.162587862523452,-0.251500634873256,0.239131116281773,0.920094603013134,0.248,0.1,0.9,220,230,1.00983679083234,1.64992057417375,500,52,8.65384615384615,0.00883611236802006,0.80454972276794,0.026439888951244,0.611362782496365,0.288,0.0223820161727778,0.614075669825998,0.284,0.0376968959691098,0.632745698779784,0.224,0.0346680137357746,0.640918883494725,0.1525,0.0460878417828714,0.642642478102423,0.211,0.0448101464167417,0.640553697580458,0.249
enclave,200,0.14,0.08,low,partial,quadratic,0.638699455292836,0.725698316186629,0.645925816835329,0.805542948912539,0.610283414032546,4,0.5215,0.66356783919598,0.00588959928491865,2.82028764979418,0.603822443461058,-0.967768949966171,0.109597989949749,,0.017207766604541,0.628149560182676,-0.888757641037134,0.495098575421449,1.64145576645577,0,0,1,110,90,0.728225119681719,1.16236871001428,200,52,3.84615384615385,0.0226865378511076,0.734137148556001,0.0191019979025649,0.663468548342479,0.38,0.0160784205326924,0.680741692518908,0.3145,0.0118387283457386,0.662478788808787,0.201,0.0179569613665405,0.670748015858278,0.3745,0.0199152739291725,0.672455443843591,0.3475,0.0209290426573417,0.663928118425906,0.3415
linear,300,1.45,0.37,low,none,quadratic,0.945767481705657,0.945836035451794,0.956614485756833,0.942060075098878,0.941034270868361,3,0.514,0.687591388090556,-0.0352783793299879,2.79765632681241,0.598278053582961,-0.997093246332523,0.0925729844199061,,0.819890904989126,13.8634260698827,-4.10629595375891,0.00317075353577938,8.04337240713044,0.0933333333333334,0.123333333333333,0.876666666666667,149,114,2.52485610320062,3.87327814533925,300,52,5.05769230769231,0.0193737164777535,0.728626400819761,0.0693368134277982,0.641915017202079,0.216666666666667,0.067758254191663,0.619499452401291,0.205,0.0874147845242627,0.597722717955503,0.0945,0.0765405669948147,0.609451250931198,0.141,0.0796808570050144,0.614565280997374,0.164,0.0731163158530892,0.614024170550254,0.071
linear,500,1.77,0.41,moderate,partial,quadratic,0.970866060603636,0.952567131750687,0.959030725955209,0.951197688050929,0.971097635633945,5,0.491,0.661523570394932,0.0458506878193511,3.06843413067107,0.588571007527905,-0.962513150798717,0.0931124038065302,,0.15238267918204,20.9918544087911,-5.20157523956773,0.0602545048804464,10.1811355011059,0.16,0.15,0.85,200,225,3.32942210452669,4.36259719196774,500,52,8.17307692307692,0.0134766261664997,0.688196639296018,0.100132600408601,0.596930385728944,0.076,0.0909679013688119,0.60628902950595,0.073,0.0988765439460281,0.58562223878955,0.0435,0.100287855608981,0.598862206405236,0.049,0.0921466962427342,0.594485962612283,0.1135,0.0902236977984058,0.595550105542126,0.0475
linear,300,1.7,0.69,high,none,linear,0.812956597873671,0.943337085678549,0.939903939962477,0.967117948717949,0.94816110068793,4,0.4875,0.821258223684211,-0.0332117204834413,2.99077922692364,2.74977614645423,-0.931069954244771,0.0859786184210527,,0.0744126295535763,28.2839481674966,-2.53269004880278,0.173407671471354,11.0090293732508,0.48,0.403333333333333,0.596666666666667,89,90,3.72965178908192,4.61420909239205,300,52,3.44230769230769,0.01388878600234,0.85077047080943,0.103791720791201,0.651690361147572,0.08,0.0822598959748208,0.649991742259776,0.127,0.108356504218591,0.553393434572511,0.0695,0.078582868897784,0.634874001003304,0.125,0.0916079647019547,0.584336536725961,0.1535,0.0751492493276219,0.598020974102294,0.1645
linear,500,0.43,0.46,moderate,none,linear,0.952394739473947,0.986381138113811,0.961440144014401,0.977321232123212,0.977763776377638,2,0.505,0.768144196515605,0.0506603583205785,3.04106432340886,1.65755250765473,-0.986689408850529,0.0915584070325932,,0.565448840467544,4.36667064744902,-1.31303777221992,0.150911284627595,4.43471911934732,0.112,0.088,0.912,222,234,1.45274237340848,2.06032846647909,500,52,8.76923076923077,0.0108867305051639,0.778247012504502,0.0427024361316815,0.612430885261777,0.21,0.0444712988026761,0.610757578544019,0.2215,0.0389412860746313,0.618150479300943,0.3125,0.0389607298495915,0.624679222662816,0.344,0.0413603348770379,0.623391637734923,0.1925,0.0416151972826651,0.627403282499771,0.1435
linear,1000,0.18,0.46,moderate,none,linear,0.914287729224269,0.934706344855733,0.982858446136548,0.981345455927721,0.973913547989549,3,0.491,0.810516789895256,0.0889146568459361,2.82213225603346,2.078542111899,-1.06657423198405,0.0719346888478127,,0.331610950286883,2.67083289240053,-0.902183411874984,0.108694548444387,3.45158037756117,0.152,0.068,0.932,459,473,1.12820690664026,1.9074428472136,1000,52,17.9230769230769,0.00659614614735937,0.813327094497418,0.0281434626999305,0.640988629770054,0.518,0.0292109505499342,0.63162590306173,0.5255,0.0340067108263328,0.627164944495315,0.3245,0.030462483464639,0.625913562418819,0.4835,0.0353571973816345,0.621059853748801,0.5125,0.0318317809655195,0.628370902255018,0.431
linear,200,1.05,0.33,moderate,none,quadratic,0.966155539985987,0.970889300370333,0.933036733059754,0.945079571614453,0.954706235612051,2,0.515,0.741308061050196,-0.0387912454322025,3.70257270751638,1.63307466011543,-1.19219741180272,0.123312579205466,,4.70313998438387e-07,4.59160609112116,-1.38665212656676,0.127694819626375,4.5687531691793,0.06,0.075,0.925,79,106,2.27760335276316,2.62140909449308,200,52,3.55769230769231,0.0207831038440977,0.801089162618645,0.0468687131020423,0.568428289678404,0.19,0.0445296893661497,0.588079531694129,0.2065,0.0491743499537935,0.619924106155025,0.0715,0.0444908335140396,0.58468967009084,0.133,0.0444734882200274,0.608688619542626,0.1195,0.0443962945013453,0.609712949486163,0.188
linear,300,1.86,0.09,moderate,partial,quadratic,0.918190092770874,0.958144582531069,0.946180890700407,0.931226025855818,0.912366782526068,2,0.4925,0.71024511412101,0.242626774664665,3.53696674843523,1.32521744239071,-1.00070502178829,0.0711674555935699,,0.050040213556334,27.4247547682579,-3.89795237890656,0.136264980512944,11.6214563903256,0.0800000000000001,0.0533333333333333,0.946666666666667,125,159,4.52058762712832,5.70852206690817,300,52,5.46153846153846,0.0184738076374476,0.74578528295786,0.0866446684000704,0.595637281436296,0.163333333333333,0.0745713677458987,0.610737519533082,0.218,0.09768053225304,0.596219811328372,0.0555,0.0939977324295264,0.615938365887239,0.056,0.0846160799458481,0.594665913141851,0.156,0.0867637848191319,0.59830003052052,0.1575
radial,300,1.55,0.69,moderate,partial,linear,0.682466777374328,0.734976495276336,0.688610432957836,0.730376240813949,0.712474543434168,2,0.589,0.82212225078549,-0.11399321213048,3.18423398549749,2.74136100453498,-1.05360206271602,0.0526635247072266,,1.07301476365771e-07,7.41293275338448,-0.177634139696851,0.279318184627241,5.7134338606168,0.373333333333333,0.363333333333333,0.636666666666667,92,99,3.44422223889618,4.93971685161686,300,52,3.67307692307692,0.0154127599817987,0.844963135531756,0.0730589237178837,0.716101946924605,0.0566666666666667,0.0484483035246962,0.706247385138073,0.1255,0.0762661678423564,0.703463555728272,0.112,0.0792438432235737,0.748247367570034,0.034,0.0682969776356726,0.744344515467211,0.029,0.0671021515701656,0.722935702702842,0.0495
radial,1000,0.46,0.53,high,partial,mixed,0.958772711222393,0.86926802452491,0.955377564040832,0.956829116108115,0.874181432973806,1,0.528,0.692192941060697,0.0704071713223599,3.07679311775247,0.50374708342075,-0.987728608614764,-0.00199498569738388,,8.37426891510408e-17,0.363829926817184,-0.790994938548654,0.6804019222146,1.45180937388841,0.132,0.102,0.898,464,434,1.51284075961604,2.2455095561467,1000,52,17.2692307692308,0.00913892712469479,0.702227606107363,0.0536526047762166,0.669084091138472,0.218,0.0520707750770973,0.683244329952658,0.1985,0.0516846522476449,0.69712955759529,0.201,0.052736475341773,0.690270818543293,0.1995,0.0548439540120905,0.686676745968442,0.1915,0.0542019933314355,0.68986336313047,0.193
radial,500,1.63,0.22,high,partial,quadratic,0.820899011087803,0.82484781026585,0.816168500363886,0.844223639710604,0.821439273941522,4,0.8225,0.6075074673443,0.140105288462914,2.76456222591591,0.203801560152901,-1.04365938342738,0.0823414025232937,,4.61882168984863e-28,9.61758457602883,-6.18398668073699,0.995305200084018,6.7207377161838,0.136,0.11,0.89,209,236,4.57992570994422,6.06944455043736,500,52,8.55769230769231,0.0165053173699637,0.650553497475333,0.0712295975213157,0.830633583198672,0.01,0.0566396159265271,0.849129638897875,0.018,0.0552876664197631,0.847379389145089,0.0255,0.0617136419206667,0.842971330921798,0.0175,0.0550846811379307,0.847586286203009,0.0325,0.0550127515137416,0.845240124446038,0.0405
random,500,1.93,0.26,moderate,none,quadratic,0.845041047849305,0.855575334094955,0.848734025877415,0.936860702994235,0.918037142325779,4,0.0095,0.591224039448233,0.0798769191680948,3.06685621939354,0.150839751679028,-1.02170660244416,0.126817352137233,,1.58031635748846e-32,0.926819362384004,2.32235545757406,0.543724649396183,2.26327233800911,0.016,0.096,0.904,230,222,3.92996643504478,4.406381524918,500,52,8.69230769230769,0.014138040933171,0.641769060599463,0.0141540232276328,0.245446430687277,0.058,0.0109960647237339,0.246081775298635,0.0595,0.00943823594610721,0.241608856462493,0.061,0.00955331736853689,0.242678125087258,0.048,0.0135082927112456,0.248112204783035,0.092,0.0117583361164899,0.239632938185702,0.088
random,300,0.06,0.62,high,complete,mixed,0.948601445121689,0.974711870985426,0.950485625310737,0.978733322729505,0.941116743144275,4,0.4905,0.749157748711851,0.0232142004007315,2.69499608920419,1.04810757335796,-0.954095226529376,0.121581450653983,,0.0143624847684934,3.22114078006618,-1.53569134793949,0.0489760421344687,3.95535107838077,0.16,0.1,0.9,137,133,0.987374629629243,1.62933922848101,300,52,5.19230769230769,0.0118341408062259,0.776265792721162,0.0456477062142892,0.665307342062246,0.353333333333333,0.0443393489606521,0.65803793616819,0.345,0.0432752563904995,0.676703427953783,0.407,0.0496000073768717,0.665940898199122,0.3785,0.0397687098758096,0.672589444356573,0.378,0.0456045789434058,0.666921490903273,0.4005
random,1000,0.17,0.18,low,partial,mixed,0.932563856204693,0.942624693606557,0.931903931865319,0.926686217008798,0.9226690028122,2,0.473,0.647828045352916,0.152158040281303,2.91296742346132,0.236473920745424,-1.0396007481335,0.058670188590028,,2.7962747166187e-06,1.06487602313111,-1.88562226099796,0.546203834339121,2.19475892182611,0.016,0.013,0.987,494,493,0.921981520385877,1.29574266694702,1000,52,18.9807692307692,0.0107325850189528,0.660556493014091,0.0202364581715018,0.660031256650431,0.401,0.0204231113575591,0.658738403430349,0.407,0.0192327810457973,0.659809331552151,0.4045,0.0194080676180566,0.660032746744889,0.5135,0.0193319986991028,0.658908441572321,0.405,0.0196267570381623,0.655650882609255,0.421
random,500,1.56,0.39,moderate,partial,mixed,0.9503290253986,0.952734500753994,0.915952913468544,0.942545515003643,0.946752317050441,2,0.618,0.624728038827687,-0.126793595415838,3.03634309504309,0.202011873329019,-1.01644365829285,0.0632820421945913,,3.81064283080642e-18,20.6283374182299,-9.22099904180932,0.756787806402395,9.79745227199715,0.24,0.214,0.786,170,223,3.37740298405399,5.68444401253271,500,52,7.55769230769231,0.0168345191849692,0.663927540934977,0.0854072273205426,0.802106952957164,0.024,0.0748644484817861,0.79833662291169,0.0595,0.0810427597876024,0.792297379738398,0.0425,0.0618462684613043,0.811006226044672,0.068,0.0655670269359766,0.801982694405479,0.0755,0.0624916701288197,0.799420454462962,0.072
s_shaped,200,1.64,0.45,moderate,partial,quadratic,0.982591438504302,0.988921141799772,,0.981712799788526,0.98990091158141,5,0.518,0.697065320290312,0.131083891675243,2.91334285028606,0.73597815307602,-0.852218209135352,0.0891763963395392,,0.933966905207198,11.3466831137607,-3.3430956566243,0.889759012892403,6.44835605770712,0.26,0.185,0.815,83,80,2.91927020182675,4.08874420935663,200,52,3.13461538461538,0.0278264307340528,0.76584063215325,0.101160488972668,0.607832717224198,0.06,0.0806021309585322,0.635823734878485,0.0765,0.0915386532794768,0.624073395689203,0.0745,,,,0.0897228907129388,0.62421058483987,0.0615,0.0829036442217259,0.617516619219281,0.091
s_shaped,300,0.52,0.29,moderate,none,quadratic,0.950889088908891,0.948182818281828,0.924598459845985,0.948878887888789,0.955648064806481,5,0.495,0.637677895874617,0.119707949236708,2.82187080939666,0.340447536446275,-1.09251591974914,0.0782066294361377,,3.2579276588256e-05,1.22438177827298,-1.7400402329772,0.499214023313534,2.49542695808613,0.0666666666666667,0.0233333333333333,0.976666666666667,139,154,1.09318836096147,1.51560879169591,300,52,5.63461538461539,0.0183400563092748,0.697563087523754,0.0346165117954463,0.656671937492521,0.343333333333333,0.0330653868526306,0.654515027299597,0.3525,0.0329604133110603,0.650232467899279,0.3,0.032976381074481,0.646264048271802,0.3035,0.0320645425446625,0.64350211942959,0.2815,0.0274853493804848,0.65017382635173,0.2745
s_shaped,500,1.56,0.43,high,partial,mixed,0.992816820420511,0.994290857271432,0.994150353758844,0.99171129278232,0.993826345658641,2,0.5025,0.750122400855307,0.0347051331118694,2.76628355577082,0.965278717932052,-0.981374519079182,0.0370399976019424,,5.18614016957394e-09,40.5527204913255,-5.8477662749786,0.370972749942103,15.2236111397858,0.376,0.216,0.784,187,205,4.21918696021043,6.29858437083866,500,52,7.53846153846154,0.0109589857683611,0.763341048516906,0.145233577335445,0.590733280291186,0.026,0.143188334151516,0.587941410940947,0.0275,0.111505274676049,0.62306515940645,0.119,0.120020375571259,0.614146143534945,0.041,0.148232481362546,0.577627931423302,0.0025,0.123191419936235,0.607059675749552,0.019
s_shaped,300,1.45,0.17,high,none,linear,0.981080027000675,0.974609865246631,0.975770394259856,0.958820470511763,0.97848046201155,1,0.4975,0.677192567167712,0.291033416574287,3.14598492758945,0.625342476862103,-0.930479394663368,0.0809089833116346,,8.049187513692e-05,2.68296942323246,-1.74518237622912,0.0452088679047007,3.46537694896124,0.0933333333333334,0.0566666666666666,0.943333333333333,142,141,3.9906658255468,5.52179285919067,300,52,5.44230769230769,0.0169180561686542,0.718679084984915,0.115574530944246,0.622530053465187,0.04,0.110194695017298,0.591077696342314,0.0625,0.116690956953688,0.587200622163892,0.0715,0.129510977631638,0.572246289754276,0.0305,0.126937569881357,0.571705150715587,0.0335,0.125399916100722,0.578915979331924,0.029
